entity,platform
A WifeA Purpose,twitter
AITA,discord
AIU,twitter
ARingoAteMyBabies,reddit
ATuxedoCat/ JustTheDoct0r,reddit
Account,reddit
African American Candace Owens,twitter
AgentPao,reddit
Aja,twitter
Akkad,twitter
Alex Jones,facebook
Alex Jones,twitter
Amazing Atheist,twitter
American Spectator,reddit
Americans,reddit
Amos Yee,facebook
Samuel Hyde,twitter
Anarchy,reddit
Andreas Antonopoulos,reddit
Anime Outsiders,twitter
Animemes,reddit
Anon,4chan
Ant,facebook
Ant,twitter
Anthony,twitter
Anthony Cumia,twitter
Antwan Kyumia,twitter
Anyone,snapchat
Artist,facebook
Asian Andy,reddit
Austin Peterson,twitter
Avi Yemini,twitter
Azealia,twitter
Azealia Banks,twitter
Azelia Banks,twitter
BPS,facebook
Baked Alaska,twitter
BanndedFromMe_IRL,reddit
Barawo33,reddit
Barry Stanton,twitter
Based God,facebook
Based Shkreli,twitter
Belle Delphine,instagram
Ben Garrison,instagram
Ben Swann,reddit
Berniecrats,reddit
Bhatti,twitter
Gregory Maxwell,reddit
Bitmain,twitter
Blaire White,instagram
Bob The Drag Queen,grindr
Bodygard,reddit
Bot,reddit
Brad Wells,twitter
Breitbart%2C Milo Yiannopoulos%2C,twitter
Brian Krassenstein,twitter
Brian Peppers,wikipedia
Britain,twitter
Britain First,facebook
Britain First HQ,twitter
Bruh,reddit
Bryce Weiner,twitter
Buddy,reddit
Buddy,twitter
Bunty King,twitter
BuzzFeed,reddit
BuzzFeed,twitter
CBTS,reddit
CGMC_Market,reddit
CNN,facebook
Cadence Owens,twitter
Caitlin Johnson,facebook
Caitlin Johnstone,facebook
Caitlyn Johnstone,facebook
Cambridge Analytica,facebook
Cambridge Analytics,facebook
Candace Owen,twitter
Candace Owens,facebook
Candace Owens,twitter
Candice Aiston,twitter
Cantelmoism,reddit
CarlgonWikipedia,twitter
Carlton,twitter
Carpe Donktum,twitter
Chad,discord
ChapoTrapHouse,reddit
Charles C. Johnson,twitter
Chatzy,reddit
Christians,reddit
Chumbawamba,reddit
Clementine Ford,facebook
Clint Eastwood,twitter
Cole Robinson,facebook
Conservative News Sites,facebook
ConspiraTodd,reddit
Conspiratard,reddit
CoonTown,reddit
Courtney Stodden,facebook
CringeAnarchy,reddit
Cumia,twitter
Cyborgmatt,reddit
Daily Mail,wikipedia
Damon,twitter
Daniel Amos,facebook
Dankmemes,reddit
Darknet Oz,reddit
Dasha,twitter
Dave,twitter
Deepak Mehta,quora
Deleet,wikipedia
Destiny,twitter
Devon Tracey,twitter
Devtesla,reddit
Dick,wikipedia
Dick Cheney,reddit
Dick Masterson,twitter
Direct2Drive,reddit
Disinfo Agent Jacob Wohl,twitter
Diss Rapper,reddit
Donald Trump,twitter
Dr Layman,twitter
Drillfork,reddit
Drumpf,twitter
Dusty,facebook
Dwane,discord
Dysklyver,wikipedia
Edgelord,discord
Editor,wikipedia
Engadget,reddit
EnragedCinema,facebook
Erez,reddit
Euro Truck Simulator,steam
Imam Tawhidi,facebook
FBIOPENUP,reddit
FPH,reddit
Faisal Saeed AlMutar,facebook
Faith Goldy,facebook
Fake ID,reddit
Louis Farrakan,twitter
Farrakhan,facebook
Fnatic_sOAZ,twitter
Forsen,vk
Franklin Graham,facebook
Gab,facebook
Gabe,steam
GallowBoob,reddit
Game Developer,steam
Garrison,instagram
Garry Newman,twitter
Gavin McGinnis,twitter
Gavin McInnes,facebook
Gavin McInnes,twitter
Gawker,reddit
Geert Wilders,twitter
Generation Identity,facebook
Georgia Tech,twitter
GirlsGoneLiteCoin,reddit
Godfrey Elfwick,twitter
Graham Phillips,twitter
GreatAwakening,reddit
Grrrgraphics,instagram
Guardian,reddit
Guilters,twitter
Gunsforsale,reddit
Halifaxnewswatcher,reddit
Hateful Heretic,twitter
Hatred,steam
Heterosexual Awareness Month,facebook
IGN,reddit
IP,4chan
IP,discord
IP,instagram
IP,reddit
IP,steam
IP,twitter
IP,wikipedia
ISIS,twitter
Ian Bremmer,twitter
Ian Miles Cheong,reddit
Ian56,reddit
Identity Evropa,twitter
IllimidribbleMan,twitter
Imgur,facebook
Incels,reddit
Indians,4chan
Indonesia,facebook
InfoWars,twitter
Infowars,reddit
Infowars,twitter
Interior Department,twitter
Iranian Memes,facebook
Isis,facebook
Islam,twitter
IvanTheTroll,reddit
JIDF,facebook
Jacob Wahl,twitter
Jacob Wohl,twitter
James Allsup,twitter
James Desborough,twitter
James McClean,twitter
James Woods,twitter
Jamie Glazov,facebook
Janet Bloomfield,twitter
Jason Kessler,twitter
Jayda Fransen,twitter
Jeff,periscope
Jenelle,facebook
Jeremy Boreing,twitter
Jesse Kelly,twitter
Jesus,twitter
Joe Biggs,instagram
Joe Cumia,facebook
John Lott,twitter
Jokes0nYQU,reddit
Jolene Bunting,facebook
Jonathan Daniel Brown,twitter
Josh,facebook
Laurie Penny,facebook
Julien Earle,reddit
Jussi Saarelma,facebook
KLH,quora
Kaceytron,twitter
Kang,facebook
Kanye West,twitter
Karen,periscope
Karen,twitter
Karmanaut,reddit
Kate Middleton,facebook
Kate Osamor,wikipedia
Kent,facebook
Kukuruyo,twitter
Kyder,tumblr
Kylie Minogue,facebook
LGBTI Charities,facebook
LWSE,reddit
Laura Loomer,instagram
Laura Loomer,twitter
Laura Loomer Visits Facebook HQ,instagram
Lauren,instagram
Lauren Southern,facebook
Lil B,facebook
Lil BThe BasedGod,facebook
Lindsay Shepard,twitter
Lindsay Shepherd,twitter
Live Action,pinterest
Liz Crokin,twitter
Lolis,reddit
Lord Indoril Nerevar,twitter
Louis Farrakhan,facebook
Low Tier Bitch,twitter
MacedAlaska,twitter
Manboobz,reddit
Mandy Mitchell,instagram
Marco Gutierrez,facebook
Margaret MacLennan,twitter
Maria Ruiz,twitter
Mark Zuckerberg,facebook
Marshmallow Mike,twitter
Martin Shkreli,twitter
Matt Kessler,twitter
Maxifact,yo
Meghan Murphy,twitter
Meladroit,reddit
Meme,steam
Memet,reddit
MeninistTweets,twitter
Michael Church,quora
Milo,facebook
Milo,twitter
Milo Yiannopolous,twitter
Milo Yiannopoulos,facebook
Milo Yiannopoulos,reddit
Milo Yiannopoulos,twitter
Missoulian.com,reddit
Monotone Matt,periscope
Mr. Metokur,twitter
Mumkey,twitter
Naked Wanderings,instagram
Nana,twitter
Nasif,facebook
National Park Service,twitter
National Parks Service,twitter
Nazi Faith Goldy,twitter
Neon Revolt,twitter
New Denial CEO,twitter
New Jack,twitter
New Yorker,facebook
Nick,twitter
Nick Monroe,twitter
Nick Mullen,twitter
NoNoLibertarians,reddit
Norrie,facebook
OP,reddit
Oddwine,reddit
Oh Milo,twitter
Omar,reddit
OnGamers,reddit
Ongamers,reddit
Opskins,steam
Ouija,reddit
Owen Benjamin,twitter
Owen Shroyer,facebook
P1ac3h01d3r,reddit
PCMasterRace,reddit
PNZ,twitter
ParagonOfficial,reddit
Patti Beers,twitter
Paul Joseph Watson,instagram
Paul Nehlen,twitter
Pauline Hanson,twitter
Pax Dickinson,twitter
Peace,facebook
Peter Boykin,twitter
Peter Dâ€™Abrosca,twitter
Peter Fonda,twitter
Philippines,twitter
Pics,twitter
Player,steam
Polar_Vortex,reddit
Police,facebook
President Elect Trump,twitter
President Trump,twitter
Prof Academic Agent,twitter
Professor,twitter
Project Veritas,reddit
Proud Boys,facebook
Proudfitfam,instagram
Publisher,steam
Qanon,reddit
Quackity,discord
Quickmeme,reddit
RTBA,twitter
Nick Griffin,twitter
Raheem Kassam,facebook
Rape Day,steam
Rapper Boonkgang,instagram
Rapper Lil B,facebook
Ray Blanchard,twitter
PEWDIEPIE,twitter
Reason.com,reddit
Rekieta Law,twitter
Richard Spencer,soundcloud
Richard Spencer,twitter
Rick Wilson,twitter
Ricky Vaughn,twitter
Rihannna,instagram
Rocket,steam
Roger Stone,twitter
Roger Ver,reddit
Rome Viharo Tumbleman,wikipedia
Rose,discord
Rose McGowan,twitter
Roseanne Barr,twitter
Russia,twitter
RussiaToday,reddit
RyuLong,wikipedia
SJWs,wikipedia
Sabo,twitter
Saira Rao,twitter
Sam,twitter
Sam Hyde,twitter
Sam Knight,twitter
Sam Roddick,instagram
Sanders,facebook
Sargon,twitter
Scientology,wikipedia
Scott Adams,twitter
Scott Bradlee,reddit
Scott Foval,twitter
Scott Horton,twitter
Shadow,reddit
Shadow,twitter
Shane,twitter
Sharon,facebook
Shkreli,twitter
Simon,reddit
Site,facebook
Sky,twitter
Sky Williams,twitter
SlickWrapsCom,reddit
Stalker,tumblr
Steven Crowder,twitter
StopEnslavingSaudiWomen,twitter
Substantia Jones,facebook
Suzanne Evans,twitter
TID,reddit
NBCnews.com,reddit
Unidan,reddit
TJ Kirk,twitter
TPM,reddit
TWIS Brandon Straka,facebook
T_D,reddit
Team McConnell,twitter
Thailand,facebook
The Daily Mail,wikipedia
The House,wikipedia
The Krassenstein Fags,twitter
The Krassensteins,twitter
The New Yorker,facebook
TheCarWashChannel,reddit
TheGhostOfNoLibs,reddit
Theblaster9001,reddit
Thomas Wictor,twitter
Tom Segura,instagram
Tommy,facebook
Tommy,twitter
Tommy Robinson,facebook
Tommy Robinson,snapchat
Tommy Robinson,twitter
TommyRobinson,facebook
Trade,steam
Travis,reddit
Trump,facebook
Trump,twitter
Turkey,wikipedia
Tyler1,runescape
Tyson Fury,wikipedia
UPF,facebook
US Senate,wikipedia
Ukip MEP David Coburn,wikipedia
Userleansbot,reddit
VAC,reddit
VAC,steam
Vlogger,twitter
Waluigi,instagram
WatchPeopleDie,reddit
Watchpeopledie,reddit
Welp,discord
Wesearchr,twitter
Weymouth WiFi,4chan
Gavin,twitter
Why Trump,twitter
WhyAmILikeThis24,reddit
Wictor Thomas,twitter
Wilders,twitter
Wire,twitter
Xanax Wizard,reddit
Xanit3r,twitter
Zero Hedge,facebook
